time (start of week),S(t),Delta(t),Change in Position,Cash flow,Amt owed with interest
0,60.0,0.567618388435,56761.8388435,3405710.33061,3405710.33061
1,60.12,0.575850492941,823.210450648,49491.412293,3455481.6758
138,56.12,9.83696700269e-10,-57585.0491958,-3231672.96087,262938.276659
139,55.86,4.87061671764e-20,-9.8369670022e-05,-0.00549492976743,262959.883417
140,55.64,0,-4.87061671764e-15,-2.7100111417e-13,262981.497446
